<?xml version="1.0" encoding="utf-8"?>
<install type="module" version="1.5.0">
    <name>Ethiopian Date</name>
    <author>Naod Yeheyes</author>
	<creationDate>May, 2012</creationDate>
	<copyright>Copyright (C) 2012 @naodya. All rights reserved.</copyright>
	<license>GNU General Public License version 2 or later</license>
	<authorEmail>naodya@gmail.com</authorEmail>
	<authorUrl>www.naodya.com</authorUrl>
    <version>1.0</version>
    <description>This module converts current Gregorian date to Ethiopian calendar date.</description>
    <files>
        <filename>mod_toetdate.xml</filename>
        <filename module="mod_toetdate">mod_toetdate.php</filename>
        <filename>index.html</filename>
        <filename>helper.php</filename>
        <folder>tmpl</folder>

    </files>
	<params>
		<param name="selectdateformat" type="list" default="0" label="Date format" description="Select the type of date format you want to display.">
			<option value= "0">ሚያዝያ 2, 2004</option>
			<option value= "1">ሚያዝያ 2, 2004 ዓ.ም.</option>
			<option value= "2">ሚያዝ 2, 2004</option>
			<option value= "3">02/08/2004 (ቀቀ/ወወ/ዓዓዓዓ)</option>
		</param>
		<param name="moduleclass_sfx" type="text" default="" label="Module Class Suffix" description="PARAMMODULECLASSSUFFIX" />
			<param name="cache" type="list" default="1" label="Caching" description="Select whether to cache the content of this module">
			<option value="1">Use global</option>
			<option value="0">No caching</option>
		</param>
	</params>
	<config>		
		<fields name="params">
			<fieldset name="basic">
				<field
					name="selectdateformat"
					type="list"
					default="0"
					label= "Date format"
					description= "Select the type of date format you want to display.">
					
					<option value= "0">ሚያዝያ 2, 2004</option>
					<option value= "1">ሚያዝያ 2, 2004 ዓ.ም.</option>
					<option value= "2">ሚያዝ 2, 2004</option>
					<option value= "3">02/08/2004 (ቀቀ/ወወ/ዓዓዓዓ)</option>
				
				</field>

			</fieldset>		
		
			<fieldset
				name="advanced">

				<field
					name="layout"
					type="modulelayout"
					label="JFIELD_ALT_LAYOUT_LABEL"
					description="JFIELD_ALT_MODULE_LAYOUT_DESC" />

				<field
					name="moduleclass_sfx"
					type="text"
					label="COM_MODULES_FIELD_MODULECLASS_SFX_LABEL"
					description="COM_MODULES_FIELD_MODULECLASS_SFX_DESC" />

				<field
					name="cache"
					type="list"
					default="1"
					label="COM_MODULES_FIELD_CACHING_LABEL"
					description="COM_MODULES_FIELD_CACHING_DESC">
					<option
						value="1">JGLOBAL_USE_GLOBAL</option>
					<option
						value="0">COM_MODULES_FIELD_VALUE_NOCACHING</option>
				</field>

				<field
					name="cache_time"
					type="text"
					default="900"
					label="COM_MODULES_FIELD_CACHE_TIME_LABEL"
					description="COM_MODULES_FIELD_CACHE_TIME_DESC" />

				<field
					name="cachemode"
					type="hidden"
					default="itemid">
					<option
						value="itemid"></option>
				</field>
			</fieldset>
		</fields>
	</config>
</install>